{
  "model_epoch_9.pt": {
    "accuracy": 0.96075,
    "f1": 0.5368731563421829,
    "precision_0.5": 0.6453900709219859,
    "recall_0.5": 0.4595959595959596,
    "recall@0.1": 0.4797979797979798,
    "recall@0.3": 0.47474747474747475,
    "recall@0.5": 0.4595959595959596,
    "fpr_0.5": 0.013150973172014729,
    "roc_auc": 0.7982939601166849,
    "avg_precision": 0.528505659438361
  }
}