{
  "model_epoch_6.pt": {
    "accuracy": 0.9655,
    "f1": 0.5174825174825175,
    "precision_0.5": 0.8409090909090909,
    "recall_0.5": 0.37373737373737376,
    "recall@0.1": 0.40404040404040403,
    "recall@0.3": 0.3888888888888889,
    "recall@0.5": 0.37373737373737376,
    "fpr_0.5": 0.003682272488164124,
    "roc_auc": 0.7937475757044404,
    "avg_precision": 0.4966355700964036
  }
}