{
  "model_epoch_8.pt": {
    "accuracy": 0.9635,
    "f1": 0.496551724137931,
    "precision_0.5": 0.782608695652174,
    "recall_0.5": 0.36363636363636365,
    "recall@0.1": 0.37373737373737376,
    "recall@0.3": 0.37373737373737376,
    "recall@0.5": 0.36363636363636365,
    "fpr_0.5": 0.0052603892688058915,
    "roc_auc": 0.7710634753638437,
    "avg_precision": 0.48094295339594656
  }
}