{
  "model_epoch_1.pt": {
    "accuracy": 0.9505,
    "f1": 0.0,
    "precision_0.5": 0.0,
    "recall_0.5": 0.0,
    "recall@0.1": 0.005050505050505051,
    "recall@0.3": 0.005050505050505051,
    "recall@0.5": 0.0,
    "fpr_0.5": 0.0,
    "roc_auc": 0.7175356936009224,
    "avg_precision": 0.12694891796608815
  }
}