{
  "model_epoch_12.pt": {
    "accuracy": 0.96475,
    "f1": 0.5346534653465347,
    "precision_0.5": 0.7714285714285715,
    "recall_0.5": 0.4090909090909091,
    "recall@0.1": 0.4292929292929293,
    "recall@0.3": 0.41919191919191917,
    "recall@0.5": 0.4090909090909091,
    "fpr_0.5": 0.00631246712256707,
    "roc_auc": 0.8103948480066314,
    "avg_precision": 0.5154011810456981
  }
}