{
  "model_epoch_2.pt": {
    "accuracy": 0.956,
    "f1": 0.21428571428571427,
    "precision_0.5": 0.9230769230769231,
    "recall_0.5": 0.12121212121212122,
    "recall@0.1": 0.15656565656565657,
    "recall@0.3": 0.12626262626262627,
    "recall@0.5": 0.12121212121212122,
    "fpr_0.5": 0.0005260389268805891,
    "roc_auc": 0.742950281351123,
    "avg_precision": 0.38379011021177445
  }
}