{
  "model_epoch_7.pt": {
    "accuracy": 0.956,
    "f1": 0.4666666666666667,
    "precision_0.5": 0.5833333333333334,
    "recall_0.5": 0.3888888888888889,
    "recall@0.1": 0.4292929292929293,
    "recall@0.3": 0.4090909090909091,
    "recall@0.5": 0.3888888888888889,
    "fpr_0.5": 0.014466070489216202,
    "roc_auc": 0.8148422680248035,
    "avg_precision": 0.47648744589147085
  }
}