{
  "model_epoch_10.pt": {
    "accuracy": 0.96375,
    "f1": 0.4268774703557312,
    "precision_0.5": 0.9818181818181818,
    "recall_0.5": 0.2727272727272727,
    "recall@0.1": 0.29797979797979796,
    "recall@0.3": 0.2878787878787879,
    "recall@0.5": 0.2727272727272727,
    "fpr_0.5": 0.0002630194634402946,
    "roc_auc": 0.7873314948538516,
    "avg_precision": 0.4839765158637795
  }
}