{
  "model_epoch_13.pt": {
    "accuracy": 0.96475,
    "f1": 0.4835164835164835,
    "precision_0.5": 0.88,
    "recall_0.5": 0.3333333333333333,
    "recall@0.1": 0.35353535353535354,
    "recall@0.3": 0.3333333333333333,
    "recall@0.5": 0.3333333333333333,
    "fpr_0.5": 0.002367175170962651,
    "roc_auc": 0.8154294124835945,
    "avg_precision": 0.4898697657272119
  }
}