{
  "model_epoch_4.pt": {
    "accuracy": 0.961,
    "f1": 0.36585365853658536,
    "precision_0.5": 0.9375,
    "recall_0.5": 0.22727272727272727,
    "recall@0.1": 0.25757575757575757,
    "recall@0.3": 0.24242424242424243,
    "recall@0.5": 0.22727272727272727,
    "fpr_0.5": 0.0007890583903208837,
    "roc_auc": 0.8069995058422204,
    "avg_precision": 0.4801254830578722
  }
}