{
  "model_epoch_5.pt": {
    "accuracy": 0.963,
    "f1": 0.421875,
    "precision_0.5": 0.9310344827586207,
    "recall_0.5": 0.2727272727272727,
    "recall@0.1": 0.30303030303030304,
    "recall@0.3": 0.2828282828282828,
    "recall@0.5": 0.2727272727272727,
    "fpr_0.5": 0.0010520778537611783,
    "roc_auc": 0.7954943968884001,
    "avg_precision": 0.4882980399284292
  }
}