{
  "model_epoch_1.pt": {
    "accuracy": 0.9505,
    "f1": 0.0,
    "precision_0.5": 0.0,
    "recall_0.5": 0.0,
    "recall@0.1": 0.005050505050505051,
    "recall@0.3": 0.005050505050505051,
    "recall@0.5": 0.0,
    "fpr_0.5": 0.0,
    "roc_auc": 0.7175356936009224,
    "avg_precision": 0.12694891796608815
  },
  "model_epoch_12.pt": {
    "accuracy": 0.96475,
    "f1": 0.5346534653465347,
    "precision_0.5": 0.7714285714285715,
    "recall_0.5": 0.4090909090909091,
    "recall@0.1": 0.4292929292929293,
    "recall@0.3": 0.41919191919191917,
    "recall@0.5": 0.4090909090909091,
    "fpr_0.5": 0.00631246712256707,
    "roc_auc": 0.8103948480066314,
    "avg_precision": 0.5154011810456981
  },
  "model_epoch_10.pt": {
    "accuracy": 0.96375,
    "f1": 0.4268774703557312,
    "precision_0.5": 0.9818181818181818,
    "recall_0.5": 0.2727272727272727,
    "recall@0.1": 0.29797979797979796,
    "recall@0.3": 0.2878787878787879,
    "recall@0.5": 0.2727272727272727,
    "fpr_0.5": 0.0002630194634402946,
    "roc_auc": 0.7873314948538516,
    "avg_precision": 0.4839765158637795
  },
  "model_epoch_11.pt": {
    "accuracy": 0.95825,
    "f1": 0.5214899713467048,
    "precision_0.5": 0.6026490066225165,
    "recall_0.5": 0.4595959595959596,
    "recall@0.1": 0.4696969696969697,
    "recall@0.3": 0.4595959595959596,
    "recall@0.5": 0.4595959595959596,
    "fpr_0.5": 0.015781167806417674,
    "roc_auc": 0.8168255410496337,
    "avg_precision": 0.4978397812336385
  },
  "model_epoch_2.pt": {
    "accuracy": 0.956,
    "f1": 0.21428571428571427,
    "precision_0.5": 0.9230769230769231,
    "recall_0.5": 0.12121212121212122,
    "recall@0.1": 0.15656565656565657,
    "recall@0.3": 0.12626262626262627,
    "recall@0.5": 0.12121212121212122,
    "fpr_0.5": 0.0005260389268805891,
    "roc_auc": 0.742950281351123,
    "avg_precision": 0.38379011021177445
  },
  "model_epoch_13.pt": {
    "accuracy": 0.96475,
    "f1": 0.4835164835164835,
    "precision_0.5": 0.88,
    "recall_0.5": 0.3333333333333333,
    "recall@0.1": 0.35353535353535354,
    "recall@0.3": 0.3333333333333333,
    "recall@0.5": 0.3333333333333333,
    "fpr_0.5": 0.002367175170962651,
    "roc_auc": 0.8154294124835945,
    "avg_precision": 0.4898697657272119
  },
  "model_epoch_3.pt": {
    "accuracy": 0.96,
    "f1": 0.33884297520661155,
    "precision_0.5": 0.9318181818181818,
    "recall_0.5": 0.20707070707070707,
    "recall@0.1": 0.2777777777777778,
    "recall@0.3": 0.25252525252525254,
    "recall@0.5": 0.20707070707070707,
    "fpr_0.5": 0.0007890583903208837,
    "roc_auc": 0.7584245931168603,
    "avg_precision": 0.4538093212568654
  },
  "model_epoch_4.pt": {
    "accuracy": 0.961,
    "f1": 0.36585365853658536,
    "precision_0.5": 0.9375,
    "recall_0.5": 0.22727272727272727,
    "recall@0.1": 0.25757575757575757,
    "recall@0.3": 0.24242424242424243,
    "recall@0.5": 0.22727272727272727,
    "fpr_0.5": 0.0007890583903208837,
    "roc_auc": 0.8069995058422204,
    "avg_precision": 0.4801254830578722
  },
  "model_epoch_5.pt": {
    "accuracy": 0.963,
    "f1": 0.421875,
    "precision_0.5": 0.9310344827586207,
    "recall_0.5": 0.2727272727272727,
    "recall@0.1": 0.30303030303030304,
    "recall@0.3": 0.2828282828282828,
    "recall@0.5": 0.2727272727272727,
    "fpr_0.5": 0.0010520778537611783,
    "roc_auc": 0.7954943968884001,
    "avg_precision": 0.4882980399284292
  },
  "model_epoch_6.pt": {
    "accuracy": 0.9655,
    "f1": 0.5174825174825175,
    "precision_0.5": 0.8409090909090909,
    "recall_0.5": 0.37373737373737376,
    "recall@0.1": 0.40404040404040403,
    "recall@0.3": 0.3888888888888889,
    "recall@0.5": 0.37373737373737376,
    "fpr_0.5": 0.003682272488164124,
    "roc_auc": 0.7937475757044404,
    "avg_precision": 0.4966355700964036
  },
  "model_epoch_7.pt": {
    "accuracy": 0.956,
    "f1": 0.4666666666666667,
    "precision_0.5": 0.5833333333333334,
    "recall_0.5": 0.3888888888888889,
    "recall@0.1": 0.4292929292929293,
    "recall@0.3": 0.4090909090909091,
    "recall@0.5": 0.3888888888888889,
    "fpr_0.5": 0.014466070489216202,
    "roc_auc": 0.8148422680248035,
    "avg_precision": 0.47648744589147085
  },
  "model_epoch_8.pt": {
    "accuracy": 0.9635,
    "f1": 0.496551724137931,
    "precision_0.5": 0.782608695652174,
    "recall_0.5": 0.36363636363636365,
    "recall@0.1": 0.37373737373737376,
    "recall@0.3": 0.37373737373737376,
    "recall@0.5": 0.36363636363636365,
    "fpr_0.5": 0.0052603892688058915,
    "roc_auc": 0.7710634753638437,
    "avg_precision": 0.48094295339594656
  },
  "model_epoch_9.pt": {
    "accuracy": 0.96075,
    "f1": 0.5368731563421829,
    "precision_0.5": 0.6453900709219859,
    "recall_0.5": 0.4595959595959596,
    "recall@0.1": 0.4797979797979798,
    "recall@0.3": 0.47474747474747475,
    "recall@0.5": 0.4595959595959596,
    "fpr_0.5": 0.013150973172014729,
    "roc_auc": 0.7982939601166849,
    "avg_precision": 0.528505659438361
  }
}