{
  "model_epoch_3.pt": {
    "accuracy": 0.96,
    "f1": 0.33884297520661155,
    "precision_0.5": 0.9318181818181818,
    "recall_0.5": 0.20707070707070707,
    "recall@0.1": 0.2777777777777778,
    "recall@0.3": 0.25252525252525254,
    "recall@0.5": 0.20707070707070707,
    "fpr_0.5": 0.0007890583903208837,
    "roc_auc": 0.7584245931168603,
    "avg_precision": 0.4538093212568654
  }
}