{
  "model_epoch_11.pt": {
    "accuracy": 0.95825,
    "f1": 0.5214899713467048,
    "precision_0.5": 0.6026490066225165,
    "recall_0.5": 0.4595959595959596,
    "recall@0.1": 0.4696969696969697,
    "recall@0.3": 0.4595959595959596,
    "recall@0.5": 0.4595959595959596,
    "fpr_0.5": 0.015781167806417674,
    "roc_auc": 0.8168255410496337,
    "avg_precision": 0.4978397812336385
  }
}